concept_snomed_id,drug_hash,exclusivity,exclusivity_male,exclusivity_female,form_exclusivity
190634004,63d41e0f1ce4a86ac8d19f893d0b4e9c,low,high,high,
42658009,63d41e0f1ce4a86ac8d19f893d0b4e9c,low,,,
254900004,a9a60c2caf10630a3f0d8a30e5b22288,,high,,
73211009,ef3ed141239e6136c32bbb929b069fa3,high,high,high,
32398004,c82c90f1fd88e812eaefe0c579cc33f5,low,,,
13645005,c82c90f1fd88e812eaefe0c579cc33f5,low,,,
195967001,c82c90f1fd88e812eaefe0c579cc33f5,low,,,
87284002,e50528a9d87bc5d9e95ad4a11418d9d1,low,low,,
23986001,e50528a9d87bc5d9e95ad4a11418d9d1,low,low,,
84757009,e50528a9d87bc5d9e95ad4a11418d9d1,low,low,,
49130001,516aa90a2552022428676c42db4939bd,low,low,,Ear
79787007,821f42827abd37baea42e523cf4d9520,high,,,
106063007,597c2f37ce97ae4f595bad0dee5e8aa1,low,,,
370992007,fb98be1dd61db35f1d9d4627bdc5db2d,low,high,high,
703938007,986f74a066e5973a3d1f02daafdc36dc,low,,,
61627001,78a87730afa006dcd391c9b876f408da,high,,,
421961002,703c984b065f2b5ef2b5e27c4f84fedf,low,,,
61627001,4449e8cf52831683069fe767838c36f7,high,,,
88594005,c0aa2c82df5fbdec74da7e1cd0f6b55b,low,,,
9014002,2e8a8b1c9142de3ac8de0723812d3fef,low,,,
11381005,e623f94c6d4c2cd221abe947bb1baaa2,low,,,
128333008,4c348816782733c024f012ddd397b14a,low,,,
128241005,a910f49b366e18810689e3839ae74668,high,,,
698247007,a6f4f3d0c1e5be02769b218ba2247f95,low,,,
254838004,d1c26e17588473f5fd148fa266a9a578,high,,,
41291007,4c1df11c676d2f2d452625a8be52a212,low,,,
363358000,74794b56e0788d8f04492ff5c76837a3,high,,,
195967001,e7bfbc2c001eb8522955144b5000dac9,low,,,
24700007,ce512da05f5dd778b09b8b5509f62612,low,,,
76069003,65ce3ff9b1e110012171374fa7dceb0a,low,,,
34713006,a65fc53a6d1690ee1720b3b52b918db6,low,,,
61627001,2e9cdc4c87929fcf08fb29c7cdc51dd8,low,,,
38341003,43109b14f336d9ebd8d4e2fc23a5fc6f,low,,,
90560007,43f3e69192be8f1848ce7b18af2e3589,high,,,
173300003,4f780a51bbe5a06a59059bc214085fdb,,,high,
61627001,93e4736973293d42063696eadc990e92,high,,,
95320005,d68a6c92e437260b9db8cd44282f2f6e,high,,,
95320005,e2daabeb430a244504cf383a693f926f,zero,,,
73211009,7d031838f2601277e6f9837b0d8e77ce,high,,,
26929004,092095aa008269d95ce906c5169374d9,low,,,
106098005,7c42c520fb8e1c393fb0aa0877580e34,high,,,
61462000,85d06e779dc391d7b52f252bbcb5b152,high,,,
61627001,9863c9e68905880deb509000e694a742,low,,,
24526004,49195fd3ccbec731e4f7c5284609c615,low,,,
13213009,2d9f8c40f5aaa247770f0b1e0067ee8e,,low,low,
59282003,b1af0ecdbd31a46dcee0aafa487bb307,low,,,
230690007,b1af0ecdbd31a46dcee0aafa487bb307,low,,,
414545008,b1af0ecdbd31a46dcee0aafa487bb307,low,,,
363443007,91cb17dd472e5058832d666d1987ecff,high,,,
24526004,8b4f995f8c826a2cb80f6a1517574ca7,low,,,
32798002,d82db87068417e0b54b7aa99c32f084d,low,,,
70995007,f437466fa8717fd769398e5c38fe4716,high,,,
106048009,1031933211d485133a33b32373841315,high,,,
38341003,76c9da9c26b8c41f34259e48cdb696f8,low,,,
84114007,76c9da9c26b8c41f34259e48cdb696f8,low,,,
56317004,a9aeda7db1b37d6e4159faa2b5476533,high,,,
195967001,a0ea32663812f051acf9b28b5b8ba7fe,low,,,
698247007,a026c46530bb48495f974f4a22f0487d,high,,,
58214004,1a1f8d4d226c25146504e22af8e91ad5,low,,,
35489007,0feb64b5157bc3c66a25f0dbc1398145,low,,,
26284000,6f70abfaed6920ed9086aa441fe04ee7,high,,,
38341003,613075564472c8742b180667f231d172,low,,,
106048009,be00898f75130ade5c6e7a7e72d506a7,low,,,
782957005,f43fdda2cdc3ad3aa5b4261a5255840d,low,,,
61462000,d37d87b705d68447b4a2beeda75ca1de,high,,,
3218000,e7ca73a475dc344b643f59f840f23019,high,,,
3218000,ba11cccbce43be36a276d1393b1d7869,high,,,
42343007,60309069b1012f626944dd5010ec6e13,high,,,
54150009,10241a5e8fe5b5a5c3534c29d85f0343,low,,,
254837009,bb81ad804f4d3c3052614d03b76e442c,low,,,
3218000,dce25d40d7c2ca858143ce34372a2b2c,high,,,
32798002,ba3a50a71acafdeedc1b0a3a69695c5e,high,,,
23986001,aaebe6a633b16641ee52b043bce11eb0,high,,,
9014002,e96c42e338e8903e8db6c6b6cc175916,low,,,
106063007,c2bd3594bcf8ecb5b87563ff7274dcd4,high,,,
49765009,4a5224128e072e596f6e2e93cecd717f,low,,,
13645005,c441e4d15c837dd1b1718b595f14fec0,low,,,
69322001,662d78825e427448ea8547cad3dd9ef3,high,,,
61462000,1fa6a81e1263b5ebc35e1d4231d3e538,high,,,
61462000,696d3b37770e3db384ac03a0c9ad33a7,high,,,
61462000,014a533ef942f43a9d5bb2b7ec4cd66b,high,,,
61462000,e3808b9785653fa349cd23efa0847a72,high,,,
69322001,3cca4d6809b5a622e9f966fa014461d8,high,,,
422504002,90ea1eeaf311dc6d503bf7cb8056f8bb,low,,,
38341003,5094065ebe09fc29833ce02874cf9408,low,,,
197480006,5094065ebe09fc29833ce02874cf9408,low,,,
194828000,5094065ebe09fc29833ce02874cf9408,low,,,
109841003,9051690d7dc9a57dd532825c0f43f68f,low,,,
406506008,bade648070222bdbda2b6249c5d33999,high,,,
370992007,9a05646d461669f86de312d88ab5748a,low,,,
128473001,b363d2206727ebb2b2894e1b40ee5085,low,,,Eye
129154003,918183ebe8d737590835d2d1ada752f1,low,,,
11381005,cb013fc997facd93bac27790e60831e3,low,,,
38341003,65b1bc8fe4238e773b070a34d6f8e9e8,high,,,
38341003,6a9a3756e4677ef76eb433fe07be0d1a,high,,,
386617003,25b11546aee5cb21e30016a266a07d8a,zero,,,
24526004,a126926208f891983286ef83ffbbb6b0,high,,,
735445000,267699c7de2afe8d0df11b33b6098e9d,low,,,
38341003,ce3aab03620aa9f33c21335ca6201b7a,low,,,
127013003,ce3aab03620aa9f33c21335ca6201b7a,low,,,
109989006,72ef2ffeee18f79dd33dc41719d0f217,low,,,
424736006,a981af0c7bcc469943b0d9812d8b2250,low,,,
190634004,a981af0c7bcc469943b0d9812d8b2250,low,,,
38341003,5a62c8b365b6ad5ece7026f4aca40b2d,low,,,
194828000,5a62c8b365b6ad5ece7026f4aca40b2d,low,,,
32798002,a09d49cf5674a5d29263bf9572480a7d,high,,,
23685000,57d94c90d726a70131409356af4dc29a,low,,,
49049000,300328dd6317acfc4d3abab9c1b3261b,low,,,
26284000,ce0d2384fadaa69d65ab1a7f0b357d7e,low,,,
703938007,b1f678fb9e8abc503a817353541730c0,low,,,
57019003,b3d69b543632a55b706bdf0ad6cf8925,low,,,
11381005,b2aa5e1260f34a8981ab7c0c5a782144,low,,,
38341003,2bd7c19af691f3a8698efc7480c49904,high,,,
64156001,e289bb7492f31791c13ff74e01440f2d,low,,,
23685000,a11662ed4b8bd86ce27ad1fc88f31d08,low,,,
399153001,e55c3c537b573ba436a5264801db82dd,low,,,
703938007,b14c9bc01e19c27ff8c8e28b11d00bc7,low,,,
23986001,9e344fadef1ae829dc4b41bf28ba7481,low,,,Eye
267064002,c85db06c42bae85dfd1164a2866981d2,low,,,
363358000,15a3ca20cc1ae7c92f77f9bd2380efcf,low,,,
370992007,dd161b6a3b063c4dede7ae71f2de85bd,low,,,
254900004,a96c01912436c81e8ad886be58e066ce,,high,,
23986001,79ae94a6534619ea8c8db155590bf101,high,,,
84114007,f1879a158ff2db3a7aa27e82170dec96,low,,,
38341003,f1879a158ff2db3a7aa27e82170dec96,low,,,
123841004,85f46c73aa100e656aa05a2a45d503b4,,,low,
69322001,7b771758b7593a4cd91692af63dc31ba,high,,,
109989006,078ce846d23a61e02d1edb518ce5e784,low,,,
70995007,0123dab0cd5503e5b884df5bd5c9ea7b,high,,,
398909004,74608442c0bbad63bcaa41656336e5c1,high,,,Topical
23986001,f581e4f410ae1cba44a59759d89bc5f0,high,,,
735445000,5c7b03ccec553dd2565d6f6a38746e17,low,,,
237662005,4c04792e32803c6ef92b112b5e4134fc,low,,,
400047006,6c91a63ae0dda1487ae7228b6b87b49b,low,,,
399068003,360efaa1ddfb6853e614b115be998ab3,,high,,
197480006,0620960e306a7fdfd7a8434558800c70,low,,,
254900004,eb5233b08a3c06842f484187b9cc7bd9,,high,,
415531008,268552156ec42d7bb523acd2c406e3ff,high,,,
9014002,337fa40be46d088bf86d0af832f49c5b,high,,,
64859006,ab037f18f87161a789e7f07e31370772,low,,,
238117007,4b7cc6c12b5a8db20724dacd23c177f2,low,,,
64859006,2738b9416f975593fcb2306ca113dcc9,low,,,
238117007,2738b9416f975593fcb2306ca113dcc9,low,,,
34713006,2738b9416f975593fcb2306ca113dcc9,low,,,
238117007,0ea7e1049fc5dffb7fb57b092e6f8244,low,,,
70153002,918712de3b241b7035242613e7f0e345,low,,,
14140009,f422478eae31e7f005aca38409246e19,low,,,
238117007,f422478eae31e7f005aca38409246e19,low,,,
238117007,49a2df04a487f6bd9a19593deec95044,low,,,
75694006,11253f444d49f5b9c5f21271dace308c,low,,,
73211009,c53aa1d5c94afada5ae7a2750e0ce96d,high,,,
84114007,82908d531f0cdd85e68bfa40a9622261,low,,,
38341003,82908d531f0cdd85e68bfa40a9622261,low,,,
254838004,98dff93ef4eecdfe1514d96f0f89664a,,,low,
84114007,ec4e01400841f6e09f478791a290bbb7,low,,,
38341003,ec4e01400841f6e09f478791a290bbb7,low,,,
31681005,ae00b699cbc9079d5f2b1425c67473a8,low,,,
23986001,5e22fb79965743bd6cc1b98e27687304,high,,,
32798002,c2ea1fe3672321462cff9ae50b5527df,high,,,
34486009,f0c1ca1d7167053a69c8837aca428b21,high,,,
106048009,3a5e2d65a95c25805145999e75e865eb,high,,,
363358000,e32dbbdb49c0010507c7f33b7a0a59b9,low,,,
87715008,58776121233d50cd3aecbc3b6101bd5d,low,,,Oral
109989006,acb8af885647d19f760bf01987644b0f,high,,,
126951006,0015ddfaedc0e2b1794de183a954a110,low,,,
84114007,9a03eab80ea60f55829104fc01f1c8e1,low,,,
194828000,9a03eab80ea60f55829104fc01f1c8e1,low,,,
38341003,9a03eab80ea60f55829104fc01f1c8e1,low,,,
3218000,e81ac41b0a05453de9a2f2d6f098e0c3,high,,,
38341003,d4ed200d3a2da1dc293c93dca05bbcfe,low,,,
194828000,d4ed200d3a2da1dc293c93dca05bbcfe,low,,,
52448006,b6a3de3617ebb087fce37844da29effc,low,,,
363358000,dc1a76872defb09c210a0be2cdb62b3d,high,,,
370992007,da16bf67c28b5d14629025fb381f2ce4,low,,,
414916001,f24214d639532d89d2f38f185dad6e20,high,,,
421961002,5e26e54112de55c4e148a41b1aae1771,low,,,
416462003,03ce98c860361680a9bf7e56265aee80,low,,,
27034006,060fcf2a14c25bbaca289a9f5b90c2ee,,,high,
1286877004,b367bd0fdcda7bce56ef9e03be9f0031,low,,,
118600007,2a1a7a93a6d5a610467a8a4dd5ab5d46,low,,,
69322001,fff8d8d831ed52cc0a490c563bdea76c,low,,,
61462000,baee898dbb60b1fec5810d87c6bbfbb2,low,,,
421961002,5dde83a0e14c45af0ed850d937d8745f,low,,,
197480006,a21ce986b71399177446d6c5d76210eb,low,,,
73211009,8999275824efe1ad7d6f23721534ce7e,high,,,
38341003,61ef0be7fcd0838e4701e2a2b5480737,low,,,
370992007,c825035be549d0f6e3f64d7f37ac1ca5,low,,,
370992007,804f1a1bf80aa8d4ee6abd39ac4d703d,low,,,
13645005,6750016a890ac8c185d2f686a03fce1f,low,,,
3218000,9d2edaa364ce20dede957734ff063813,high,,,
38341003,aaa84d3ca38cb616b0566f0d707d30b6,low,,,
194828000,aaa84d3ca38cb616b0566f0d707d30b6,low,,,
400047006,99b6e6cf0c48382abab22f066e51418f,low,,,
422504002,99b6e6cf0c48382abab22f066e51418f,low,,,
61627001,bfd5b224ffdce398d36e4657a8693e58,low,,,
66999008,52a624241d4cc518b719672757fc515f,high,,,
61627001,d268fa7a93d651565a32374781c174ef,high,,,
399153001,b4060aba61b59cc5a43b741bca7ff4ca,low,,,
61627001,daad46daf65be2a6f993b10be2742e52,low,,,
123841004,492d36f2981f17457d9d5d8403a6feea,,,low,
35489007,587c7a9391abb495bc3047778fece9b6,low,,,
52448006,df9dce36e5a231a1a5faf974ec4e9998,low,,,
93143009,6b2228e3b3d1a6efdb3cd2da74864d58,low,,,
13200003,761cd00c68a15f15dc19b86515910907,low,,,
386617003,0a6c70756fa315eea58d8fb321aead6c,high,,,
24526004,4475c64b5b758d043fb7de09a3ff7ca8,low,,,
3218000,b873e9713f57ccf378c1097388907fc0,high,,,
11381005,9673d3daad7e660c600c9c359861c198,high,,,Topical
108365000,1546e1095b2c47434c2c27fe41758d8a,high,,,
128613002,24947e188cbe6d8e6ba042dcbf462ae0,low,,,
703938007,824cd300fcfa6af913d9b093c11d5975,low,,,
43116000,b26bf8cbf84c5cfab417970f21c4132d,low,,,
81004002,1252ba52705ec7a21dcb548f024bd9c9,low,,,
27034006,e06aad1fb0613e3aed22f1be3ecd1f7c,,,low,
27034006,b5765889f9e42b25a61b0328c4aa9cba,,,low,
191736004,59b3bfccb9641067ec21eb39b863491b,low,,,
128613002,aa5a3a1050c41bdfb6fb821abda6102f,low,,,
38341003,7c3e3df6e424c309daceb240e9a77a69,low,,,
414545008,ee49834873239ca0bd02df0676c887ca,low,,,
58214004,ae047b62551e733c7ebb4a9500b4e357,high,,,
43116000,8603062b570a3792b545270c31f8c37e,low,,,
52448006,e1d0518375deb8820ea72af451d091f3,low,,,
67782005,2ee5862414a84f105f7f8f290062962c,high,,,
128869009,35ca3575106af33fbe9636f5ef8575c3,high,,,
190634004,8b38bf923175a211a1f0a9339c3ed958,low,,,
400047006,1c95ef6825475ab0199fef6651c65d36,low,,,
128473001,f7fbaa078151b9c59fef08d4117040f7,low,,,
52254009,3a0d0bb54f984a2bafe0e1631eedfb4b,low,,,
414029004,d2cd1c23ecae25b284fc3c8813c524b0,low,,,
237055002,5c29ff88c91c7bb4b33b61ff3ad7fe97,,,low,
237055002,2ce49bca06525d521597ae935191d6d9,low,,,
118600007,107ac39d8f6d89e9d9d651fe0ae81cf8,low,,,
3738000,29f04d79eb0658d5d187e9f981c56d52,high,,,
24700007,cc1bbd08f68ee3e8bc61a6e2127bff18,high,,,
92027006,76bc1e709d88ef806b6d7ebd53421a8d,low,,,
24700007,99c6a5e7473f996532d588c773c4cf08,high,,,
129103003,77bf40723eded3b531ebf453e837646b,low,,,
44054006,47e609a7556335e73540caeda7f501b2,low,,,
709044004,47e609a7556335e73540caeda7f501b2,low,,,
84114007,47e609a7556335e73540caeda7f501b2,low,,,
860914002,b885648bedd7deade94beecdc859ed06,,high,,
81004002,d52aa364e4283df119e202f984e7aa4b,low,,,Oral
109989006,3c277ed1c6f8732e788891948fcbdde9,high,,,
271737000,0f2e7f8a98a7b162872dbeec72cd1e46,high,,,
23006000,a7ba12269aa8deb8eeac403f492f47cb,low,,,
118600007,fb4ad9cd3486069243cc9f6ae867353c,high,,,
725043006,c6aae1777cf5e452368695b29a89285a,low,,,
399068003,f812f9eb1d2ca77fff87e615574ce4dc,high,,,
27034006,72344d40030004c2cfcd87a9cb5cdd40,low,,,
64859006,263e7126cd4d402da410fe8da07b02c8,low,,,
421961002,d51291e7d675a24203f1a2e152221f98,low,,,
15771004,de20ded3cdc41b2de6dcf2f4e21ba240,low,,,
123756000,778539e8aefe16c7180569722faa551f,low,,low,
421961002,94a2003755e5a5c280a06e5d105e8d89,low,,,
61627001,b02cf120f538bb1a95579e7a90f24115,low,,,
108365000,ddcadc2a287974541ffa7f822ec40465,zero,,,
61627001,76082fecf58807aad1b9dbf2b420e6a1,low,,,
370992007,3353b101b00985f1761c871800499194,low,,,
235747003,d84b6023a2d52d09af66b8e0e97743c7,low,,,
396275006,5cbb7b706293f0c7e3b8b60917ff9a8a,low,,,
386617003,1b1bef6ec19295245cd2c087d532da9a,high,,,
191480000,60e35ca8363a9f9dff8868112a0a5369,low,,,
13197004,c157c02f2e861c9b9ed5d28a450b84d8,,,low,
105706003,5db2875f88da8332ec52bf1c745b1d27,low,,,
698247007,d447fc3e7e6eaa4ccbefd4fa3c3709f0,low,,,
84114007,d447fc3e7e6eaa4ccbefd4fa3c3709f0,low,,,
84114007,313920504a2a2a4cc986ae34590ca1f4,low,,,
38341003,313920504a2a2a4cc986ae34590ca1f4,low,,,
235747003,7a24aa59e2d97ee5f4399bb3c29e2362,low,,,
38341003,d45e5c630fbc8f5ff1adf2c99159be1f,low,,,
30037006,d45e5c630fbc8f5ff1adf2c99159be1f,low,,,
194828000,d45e5c630fbc8f5ff1adf2c99159be1f,low,,,
698247007,d45e5c630fbc8f5ff1adf2c99159be1f,low,,,
37031009,915cfc71b5ecfc0453061429c60f590e,low,,,
24700007,352ebf6da698802dda3500e235bf933d,low,,,
39898005,40ace63b6404af61446cf28f25ab0d73,low,,,
128333008,06589fde82c5b23ac7525548234207db,low,,,
50417007,e5a0e19399eed81ed9b843ce4e6d0d85,low,,,
698247007,a3269580dc8f81e5ce2d78dcab5c2642,high,,,
68225006,92cc7f7bc3c2cd36a37c02a1df7f70bf,low,,,
128613002,978d40099051ec56f9d74da70d3686e1,low,,,
45007003,5958eff01b2007c4758fa2fd982e82db,low,,,
254900004,211825d32829aaffbdc41442ec401539,,high,,
399153001,78599bc1ba0ed00b25c5531cce99cd04,low,,,
26929004,76150a281024340e66769b787719db2f,high,,,
45007003,cd931c1ad8485e3dbd2a0e7943feb827,high,,,
23986001,3308cc6c9751e2f82ac075148be883d1,high,,,
95662005,d04a9493dd08f88c1a424465ee65b022,low,,,
13645005,5709c3f9ac6463da43815b6ca3d16997,low,,,
38341003,aafb370dad399faf8d78bcaf30dccda7,low,,,
266569009,aafb370dad399faf8d78bcaf30dccda7,low,,,
43116000,4123349e02410f24bf5c5ec761d0ce5d,low,,,
13645005,72a9f58b28b29b14c06f108447a4caa0,low,,,
14094001,554cb0a188eeb631ee0c30ffb0ece72d,low,,,
698247007,b3d0fce6e28eab5deb85c09ac3a3a14f,high,,,
123756000,515be10200b1f1aa7adcffce2ad608dc,,,low,
24526004,d798780aa69cf38339f46cd5aacee037,low,,,
73211009,bda157491e07581dd1301b921620c0b3,high,,,
42658009,c7455b3adf2d63fefa0e8ddbeae0ba4e,low,,,
27034006,295b9cb78c345eb236e37ca5a6408bb5,,,low,
3218000,2e32983fed41d7ac3edd516d85dbb31a,high,,,
86044005,f3eb5febe7a7e71b65107abcad18a52f,low,,,
38341003,5440a617655b19bcaff6af4ccaf6ae72,low,,,
302215000,44fff3e5d38f2571072f94af3c299a3b,low,,,
73211009,d4158d4fa0c988a916cdbd710baef526,low,,,
84114007,dbec8d8933fbc9eea20bbcfee94337d3,low,,,
38341003,dbec8d8933fbc9eea20bbcfee94337d3,low,,,
830054005,0af4dc5a04185630765372d57093b288,,,low,
32798002,9d6bde1dfdbe6ae73a503b7573b2e412,high,,,
254900004,ed174ec2397e36b192df9e443734b919,,high,,
45007003,49202012eaa88fbe557816ca4eeac7f9,low,,,Subcutaneous
39579001,b1d1af61ca494db104741a2e50ca5f23,low,,,Subcutaneous
38341003,bff701b3cc48e59bc4eee4e2eaed60ac,high,,,
414545008,4e78538b495fe763304c16d92584575d,high,,,
52448006,b51a04040023753237d55ae0be2839a9,low,,,
254838004,4f4707416139832cb7a9c9e978e42d32,low,,,
363358000,1e85826851ff25bc63a6869d747e7e8a,low,,,
52448006,dac578b818e34dad54666ffcc3399d20,low,,,
698247007,1d2b1278f7ced52190c7c93b6be1e936,low,,,
194828000,1d2b1278f7ced52190c7c93b6be1e936,low,,,
38341003,1d2b1278f7ced52190c7c93b6be1e936,low,,,
13197004,0a5c943f0421dd65679582a932e0c687,,,low,
254900004,c15b8a066effc12469610274c97838a8,high,,,
123756000,6d69452d52861e8f659a31e5bdde1bde,,,high,
192454004,92a8482b33252d25adc50732281c7f07,high,,,
34000006,4331bb9dabccf7da25593b72fc7b055f,low,,,
44991000119100,296f4b63acdc755f03528f7060f67536,low,,,
13197004,cec06bf91910903a3be446832cc43139,,,low,
64859006,e8f45b090dd149d9046d2653e1d5335f,low,,,
197480006,d3e280cafa0f6877683ecec5e90bd3e0,low,,,
195967001,98f8a79c9ef50e5ec953a8f61872cde4,low,,,
13197004,a164ae2a3eab863a682d9202bb5c90be,,,low,
363358000,4bfbbde00db27bb8ccfa579da241048c,low,,,
70153002,1143ad870d40ae803bfa0f2fc7ec97c3,low,,,
23260002,9fa8df0913cba5b5493c565754e04b60,low,,,
254838004,bf53ce576b9716aaff4397db1e1b12c4,low,,,
73211009,287fade25813f75ea0375710cc052b38,high,,,
254837009,f5f97752608f7aa5d8cd3fde264eb6f3,high,,,
73211009,8357578c9e8be615076f0179df9d0c39,high,,,
275322007,c9a8b57be001ec3433df013effddd55a,low,,,
13644009,503a274bc9226b499f30b40c2fd5b064,high,,,
88594005,23ee1e9e68a1cedf6d3a10d26d11c6ed,low,,,
61627001,cf27735bb709727266eb12813075ede6,low,,,
840539006,1b669427d801ef4135f33c7d31454364,low,,,
90560007,4ee334e9551b40764860d0c83a3de6c2,high,,,
194828000,71abb1bafa85311f9faebd49a99199d8,low,,,
22298006,71abb1bafa85311f9faebd49a99199d8,low,,,
38341003,71abb1bafa85311f9faebd49a99199d8,low,,,
79787007,99186a8aa7aa57ba366198c5336d47e9,high,,,
414916001,3402151c884984650a63c8f2ca69ff7e,low,,,
370992007,35d4cdebb45e4b7aba1cd0213312efef,low,,,
72934000,452e34e8775e5912d668cfde35f7e04b,,,low,
416462003,dfeb765d61667f7f18bac62ca5365428,low,,,
87522002,6193243ac2253ad15b894f7a98f0ae95,low,,,
35240004,1b5faa561e36a6f1202f927892fecf6e,low,,,
87522002,bff8ad02d90fe7bba2583a6a547c4e15,low,,,
87522002,fa7414e854d50ef53cdc57435333fba4,low,,,
421961002,38cd5a0e460d4faa096c2e29fd4e0b82,low,,,
38341003,63020a5ff35edbca5987f8002b773659,low,,,
84114007,63020a5ff35edbca5987f8002b773659,low,,,
87872006,c4163b2fcfb67c62f3b4de6cf3170934,,low,,
24700007,20340baf00f2c4ec417bbf6c08de7c1d,high,,,
42643001,653caf85ef70fbba4175561c593a7a7f,low,,,
698247007,4413c1ec1491a5b3a24c2876c7e7f83f,high,,,
3218000,5c03f6ecab0efbe74b506617e0c5a537,high,,,
3218000,2cb7b3368ee729ae24d74be17308200b,high,,,
30171000,68d9508a6424de4203a026ca62802a73,low,,,
37796009,1f79f228d41c7e58a1211b611cdebf2a,low,,,
400047006,1f79f228d41c7e58a1211b611cdebf2a,low,,,
38403006,1f79f228d41c7e58a1211b611cdebf2a,low,,,
9014002,5603c6204483eb88cb3e72140d48cc6b,low,,,
52636001,24fcd706d867fb7a302db0b487895762,low,,,Topical
35489007,8ba35f10a787914315585facabb22516,low,,,
58214004,433e2ac7004967e6cd2c2ad07b6f17bd,low,,,
69322001,3d7fc82c6e113aaa21cc253eb8dce1b9,high,,,
724748004,934063de7db1e86ef7947bb699f3ab34,low,,,
254900004,f448734eef85d7ca44d717b3022cccbb,,high,,
421961002,d20f506b6c1ec603d63dfe82d31a5661,low,,,
370992007,222fbc7af20e0dab62e52bb92cd1d09d,low,,,
197480006,1b089f9ae317132db0d4f5614aa8aa4a,low,,,
27034006,99a4c82e3cd262ec0a413ff1e62217b5,,,high,
735445000,d74e5274a474fcd73d2f9dfe86aba1da,low,,,
254900004,a17465ba4a545d8287d585493dac15b8,,high,,
4009004,81ff9c27c6138901ce065965b899f9b1,low,,,
84114007,b25bd07980f6d7165e7a350559b3ae7a,low,,,
38341003,b25bd07980f6d7165e7a350559b3ae7a,low,,,
108365000,ec2921f20d044ca29be5f61cde8d4382,low,,,
108365000,6ad91f604d6ff8e98a6c438c8b356240,low,,,Topical
254837009,d843c48300874227785506f7092e03c1,high,,,
38341003,b3a7c2fc99b1b6f7f46d0298f6246fa6,low,,,
108365000,3c0de3551043e7684d97d1ccfbf65cea,high,,,
52448006,402995ffee720124b9b106ea4656da43,high,,,
34014006,4584d7cb1faf36577a3f5dbfa354ac5a,high,,,
27034006,f39d85b5533e098d34a976dedd3b1e91,,,high,
363358000,553de2aa690a5750d1825c26ecd3f9ed,low,,,
363358000,e222d1c419b5a154def2671c9881563c,low,,,
370992007,37fd05ebd0749cf6b7fcada0da5be619,low,,,
73211009,8f889e8403606947441b2b3f81340072,high,,,
13197004,ecbbdcf093dc2d3ef23bfa23fb31c6f6,,,low,
24700007,800fa26bf95a126221c4361b84d4ffbf,high,,,
73211009,96202521af735962a7856386c1e219e2,high,,,
73211009,e7eb4695bbb3c1946ee23e0332b8a3e2,high,,,
73211009,efd923b5f0e9d586b4911917697f6427,high,,,
73211009,4f5abbfe6e0293746b036e204236f1a4,high,,,
302866003,b2e06d877b774c448b4c39bba6817222,high,,,
786878009,1ad2eddfc3dcac085eccb8096656b80e,low,,,Topical
194828000,1ad2eddfc3dcac085eccb8096656b80e,low,,,Oral
84114007,1ad2eddfc3dcac085eccb8096656b80e,low,,,Oral
30037006,1ad2eddfc3dcac085eccb8096656b80e,low,,,Topical
254900004,96baa93268c3c80285252ad5d925b3d1,,high,,
14094001,280a9bb7eb9757d799a734c4c58d69ba,low,,,
3218000,599a759df31b18633576c34cfb29baa2,high,,,
43116000,c9faf753a6ac57c53c7dcd77e3f51ff4,low,,,
43116000,3f7f7f4ababc75184339804962a1c019,low,,,
69322001,be66cb61a692a623948570290a3a2db2,high,,,
69322001,63b3822387491473161983429ba3ee0c,high,,,
64779008,4084c7bea95519978dcfa2e607c5bcef,low,,,
72866009,03c58ff99584c710aee183d206d371af,low,,,
70153002,03c58ff99584c710aee183d206d371af,low,,,
106063007,03c58ff99584c710aee183d206d371af,low,,,
77386006,c8756a1c1ec052f086823ff9188e2670,,,high,
73211009,590c0dda7e42d43588c9b5a1d76aab36,low,,,
95320005,4b1ed872ccb479b21b2f06df3e9e127b,low,,,
84114007,0dbb6d96ae64988fe2f3a9249b0024ab,low,,,
38341003,0dbb6d96ae64988fe2f3a9249b0024ab,low,,,
38341003,cc84b4cd60c1cf1a67337e315a017a42,low,,,
38341003,46fc23f94b09d7a58412e773bfcae182,low,,,
125643001,4dcf3f8daa0b0a6bcc1b49cc8db74d2e,low,,,
49765009,7e8201918916cbdcdf1082d6087821e5,low,,,
200936003,8c98fd84246b51a17cfcd9cacc15a156,low,,,
127040003,0f922d986f6971cb70133f8861712380,low,,,
197480006,e43d53f17d68998faa8c542bb93ee0c3,low,,,
24526004,8833a227028e2792a8cc1adbec69fb68,low,,,
24526004,a6019142bf86cb41148dcf6ad68ecc0b,low,,,
64859006,5c12e3f2e4df5113d1b2daf75109d8cc,low,,,
93143009,6a99a26f9348d8c3e42870f694057d58,low,,,
698247007,0639e27b60a1f2a8dd180710a6368355,high,,,
26929004,771f82847ab8a46f627ee29f6951c838,low,,,
363358000,1e8be3d45b14adc0614e479bbd0f436c,low,,,
61627001,5ce8def7000880ba1d38ca9f6f66f04b,low,,,
58214004,3a03ae646327f3cacd0cfa96d9fef3f2,low,,,
93143009,7db9ad1dfe28c4ad23557948557edbed,low,,,
84114007,26c2ca5d2c935df911456036241c9cd4,low,,,
38341003,26c2ca5d2c935df911456036241c9cd4,low,,,
35489007,66a1dc7636e1981535efcf41715009c6,low,,,
372130007,c9834a8669494c17ba4c4e068da60d66,low,,,
6142004,8b6a23bac847226acaa5cfde3628a7ae,,,,
13645005,6a8c45d2fc61b9a671a5d4d87f59c6d3,high,,,
38341003,eca797c88245e90812af8e8f0ca0bbbc,low,,,
34000006,7378d68f7b1637dfaf1d7fac767ba52c,low,,,
400047006,9a85454cd6ab1af505517c40ea3506e7,low,,,
73211009,15e53f13931339d5b9bd9dca094ce2b0,high,,,
73211009,31d7591f396ecacfdf54739787b26315,high,,,
3738000,40f8b03324d7e08d1925e612ab2d7286,low,,,
3738000,9565031ab98d78c87450c4af41a2a603,low,,,
24700007,d10e9b48ffdbb50c586226bfb7aae497,high,,,
195967001,eaf20db32dfa1e0b512cd229470e5137,low,,,
38341003,0c9e6c673a48a176c2c1114fdf6885b8,low,,,
84114007,0c9e6c673a48a176c2c1114fdf6885b8,low,,,
271737000,bcd31c714bca2c41ffca31bd03003311,low,,,
87522002,fed3436fe3e299c7c3d1c91326161039,low,,,
87522002,568a62f7bca8cc0e6b0d5760438658bb,low,,,
87522002,6ca8d2588c160117008bbb124b104ea3,low,,,
421869004,5abaa82edfd1c59a493ec1f7368bfada,high,,,
24526004,55234af1a668cd984960368bec6c242e,low,,,
194828000,5f2a97cb9744a7a4a4084ba80bcc67fb,low,,,
84114007,5f2a97cb9744a7a4a4084ba80bcc67fb,low,,,
84114007,4c19e636377dc0e2b1a71f349c1ffc10,low,,,
194828000,4c19e636377dc0e2b1a71f349c1ffc10,low,,,
11381005,68d26dc47f2c0e065b101f59a849ece0,low,,,
400047006,cd3d2535b77006e70a1c8a1340e18b25,,high,low,
9014002,e0d9e86704a5ebe69200d07f3fefe6b9,high,,,
61627001,f498dca4d009b7469b03364dc382acf5,low,,,
3218000,e6669ba1a82ed0f6d4f10edc9141eb04,high,,,
194828000,bbb651a1913e568b3035dea752ef36ea,low,,,
84114007,bbb651a1913e568b3035dea752ef36ea,low,,,
254837009,6e5153cebdf5f60fe4b4463c90e23b39,high,,,
3218000,a28a8b9246548829f22c8b8c14ca6138,high,,,
195967001,7e9a65f6b7f664f2d6c3f240a52fb408,high,,,
49765009,886654385c0fff7158863d2f7d082c00,low,,,
85670002,07e04fb16b1691fdb4e4ad07d6ed62b7,zero,,,
197321007,7121da8393dab126da4a5b864bb0a833,zero,,,
38341003,3698f7c06d5ade219b81c84829dd8d44,low,,,
194828000,3698f7c06d5ade219b81c84829dd8d44,low,,,
38341003,8dad7a6c3498ce5dae17e954a0a94f6d,high,,,
30800001,234e679c7b5d9d6000b9996183ba1373,,low,,
30800001,eb81d1098ab76a88943f68b021873c78,,low,,
30800001,8bdaa0135a8afad76b9a9d6128491391,,low,,
61627001,67136c7a8ad8218e630db8960ed7a6b1,low,,,
13746004,212e2997f5102064929d1d64261af24c,low,,,
95320005,aa2cdcdaac106589ea6c8dfa19a0de4b,low,,,
61627001,ca5b04492c1a893d2597bba15f63244f,low,,,
254837009,2c76417ed04ab6a20801ca5e51c93fd8,low,,,
13644009,30d9a492cd822ed7ffe8d8e38ff57efa,high,,,
23986001,5d37fdd733c984bc4699c8e095fa9b96,low,,,
50711007,ce958550f1dcc216d013eb501e1f1286,high,,,
69896004,77a855e484d10473c2746e9b03c57dde,low,,,
81004002,d4995980c626f88ccf36d0f35c6d0ddf,low,,,
127018007,e3cb47d6ae4b7114d06e3285c7e5b6a6,low,,,
38341003,f70095a1f3d2f7f6a1edb39f08346e6a,high,,,
27034006,e8fd0bad76dad90d549e183ad61c3ac7,,,low,
254900004,dbf57e6f1671fe7b94a99310844f9d91,,low,,
735445000,05dd2b01d39b925fda03f4a90f9d9dcb,low,,,
23986001,df95f8bcce7be5b0c3dc03fc0c5b7320,low,,,
421961002,8b7094f073d3872067af5e6b56bcd508,low,,,
32798002,bc7f67d5628c9638876f7d8dc021350e,high,,,
386617003,c57403a998732f50349110e0aa13db61,low,,,
13197004,1bdf70880a5bbe3b871d45a2e0181af2,,,high,
735445000,4c15e977f9c8fa5f201f0020a862abf1,low,,,
42343007,7664e2e34e49082ca64ffdc5fa9951b7,high,,,
24526004,27c3ae364d8355252b8a90569a1f5546,low,,,
40930008,05e8a09f794974024eae407b8b55a7f6,high,,,
13200003,e222eeca962af88e2666f5d40fa9d549,low,,,
73211009,4212cc2ca23e21a83c5f138535dbf660,high,,,
11381005,4350c6f12999e24aaf67d3e110117d5a,low,,,
128869009,39be5ce84fe961105f6e6ec1e29331b6,low,,,
3218000,87f02e46cb9bb5eebcbde83eccc10ec3,high,,,
9014002,0e2b19d0c16577d9afe1fc5d8ef43f70,high,,,
414916001,2fb9e0f3e3e2f0fdd0aed731f7de2755,low,,,
73211009,2fb9e0f3e3e2f0fdd0aed731f7de2755,low,,,
84114007,b41cbfc8053b42602447930c35e7ad33,low,,,
38341003,b41cbfc8053b42602447930c35e7ad33,low,,,
13746004,1124050d060475468711091e191344ce,high,,,
309465005,acbc1b0b7b50cb5ca3cd07a5d157c15a,,,,
24526004,6048da6b8bb24055c3dcf75a5810ae0b,zero,,,
128241005,d47a57f7980b34844460d2e9d30a73e5,low,,,
73211009,1a212045ee30af62a8bc74e4247c5862,high,,,
126951006,707f87fcf5b79b02d491bb06409212f9,low,,,
128333008,3668df143afe8e16578f7c47008a6b1c,low,,,
421961002,81c42e6cfbecbe31dce637e33a60e4c7,low,,,
84757009,b1b9626f7e73496f3ceb131dca57fa30,low,,,
414916001,5914f5680ab51d2bc6d9599c9a286033,high,,,
84114007,7600fa75fb1f00e0e17db10135338e3f,low,,,
38341003,7600fa75fb1f00e0e17db10135338e3f,low,,,
370992007,02acf75ce2e2f76cc3350d3e2d5a46e6,low,,,
58214004,cee1b13b7050fa243078ab6d84dcbe0b,high,,,
24526004,be0419bec490b738e4e779a193f7919f,low,,,
61462000,0c2180f6a7c14bc778f3ec51b8055456,high,,,
13746004,4b1a8af4f55d0e389c6bf8d0642e5488,low,,,
27034006,6efcaa011e419a5f6d477971f3dd2f01,,,high,
70995007,0e018706503af5743a60c7007397948d,high,,,
61627001,cdce2e4ce4237d545d3f8359e08ef775,high,,,
121000119106,ed2a8925c61b97c80e9f78f1ff0625ac,zero,,,
61627001,c325e8c0b72fd9f77e4f4970bbaf8c99,low,,,
61627001,7926acb56fa009a8b1f87a1e71a8c07e,high,,,
13746004,ed245f9c9594d6d780397a0e847784ae,low,,,
11381005,71c79a2e4b5a5e7fe5dcacc04f5acad6,high,,,
82271004,397d7f54fd7b0b5920b5e6aa446269ee,low,,,
23986001,397d7f54fd7b0b5920b5e6aa446269ee,low,,,
24526004,349bef065298412cb2a258cf05057abf,low,,,
399153001,5b5da9de0f8c279d25aa4f18d106e9c1,low,,,
34713006,c06ed77693b026611ac2035a8d770d2b,zero,,,
123756000,35ec91e2b7749bdd3cb468b1825e4746,,,low,
61462000,1a4b05563a6864718e4b0b8062043a9c,high,,,
254837009,446682188b1bdccd0115e2fcc5caae3c,low,,,
39898005,a1ae178fa1feba2157e2ad80fb8616d6,low,,,
197480006,ffd34d697f8f690213d8bd775296c837,low,,,
109989006,f71fab7d14f5ecd60246271de2477e93,low,,,
52448006,78817b35263746b79687cd6c5a122f9f,high,,,
27034006,06d2fc4969785a565f96440edfc1fc7e,low,,,
61462000,076266b001b49fc954cc82bbeb9b2511,high,,,
24526004,4f114894538b9e7d958d7f49033d9860,high,,,
48130008,a72270d89e2487208a106710f28f2f44,,low,,
237055002,bc3687cdc22dac21967ebde2a2112ae3,,,low,
73211009,bc3687cdc22dac21967ebde2a2112ae3,,high,low,
421961002,9972ad3909475a20c6473aceafbfe323,low,,,
34486009,26b2aa395a800c378535677fe7d0826c,high,,,
93143009,934f11095e4ff4839ccf9fe8e1b3f9d9,low,,,
56727007,25e00c53a37712d82212bbcf7672bf39,high,,,
38341003,ccc34808af1c219081f6b6aae993cac3,high,,,
406506008,291caa562bec61361e7a40c3a29c9ad7,low,,,
61627001,051d77523693acc25cae852c40ef6a3c,low,,,
235595009,5a58dcddd74dc9b0c3568dd33abf2a1b,low,,,
38341003,44c7a11516c0413f5e4715e9f59b27b8,low,,,
194828000,efb873169fa3b66621fddd0815cdf51a,low,,,
84114007,b6105c60861f84af2fa41e71ecd3b126,low,,,
79787007,0cb11116884802d7678f6ec8a2c540ed,low,,,
698247007,e4908188bf88619a6ee709d59e68e407,high,,,
3218000,285fdd44a80c70e252ccf5c0d1b85245,high,,,
45007003,b9b0d2ae388d4f8a387409d00d1a1493,high,,,
73211009,f9bd8d111effa4b521d81c3f15f92b3d,high,,,
386617003,461f3580fef16b07ec4f253ba63e9ddc,high,,,
203082005,891d213f7b6f26a79e938b90848c2a05,low,,,
42343007,9a549637ebfb184b6a7d65263fc5f595,high,,,
105706003,bf27e7042740125a9682eaf94e515835,high,,,
11381005,c3624d6df055e755618f4b1263d64b1c,low,,,Topical
64859006,a3c5eb1df2a2f88f13563c794ab24df4,high,,,
56317004,95d3fb4eea7220d7f53223623cf78246,high,,,Topical
363358000,e26bde8a44c836d774eee41b20ef145f,low,,,
254837009,b8e62c14e2f6fd93276912dfc42fd30f,low,,,
415531008,269fb7aa5fa01cdfdafaed0200ec0230,high,,,Topical
56727007,3b3a3915e2a997bf11e49b3bd1e8e348,high,,,
421961002,aca76f3ea0f9e9d2409785facc4bbd56,low,,,
235595009,c326c82ee078c91f64f649014d6e29f9,low,,,
38341003,9ef303508a8a4aeaa8a9004fa11af1e5,high,,,
125667009,79955a3902f45456221737f617be317a,low,,,
108365000,145217afbaedc8d6ea3d633aaa1d4994,low,,,
64859006,dae10453ff2e1795d1b50b5a94af1e75,low,,,
371405004,2061c1cb004b59b3a3bcfc1baf90e2db,high,,,
24700007,032a5ab10e18a7c92080bb6c7951e894,low,,,
3218000,9f0a610e90bba641d301475ea4a8f793,high,,,
73211009,b225a4825efcdf16abf92d16bcd6d365,high,,,
38341003,242347b2d2629d74bf1c50f83fa59d85,high,,,
91637004,541909928af29d8249dbd2635afd45d3,low,,,
840580004,321965a2f5f3879897c6529c9e4b4e95,low,,,
194828000,8c38c0f7f601584f7f83f507b87145c4,high,,,
30037006,6449e2faa8074aff093e7bdeb00bb931,low,,,Topical
1386000,e68f1afad6d6c767cad80eb5bd6afe48,high,,,
255055008,afef870381ff114b0184a980881be335,low,,,
363358000,86cea4415567e960902d28e64b1b499e,low,,,
39898005,21a78f6c904e6ede40979045cb9815f3,low,,,
38341003,d49bc87e4ca04e177b37887cd9d8404f,high,,,
68566005,a06f198abc08d8c9d9e1e9eb6aec66b4,low,,,
125666000,fa8bedbcd708fe73f0dad70cf4b8bab0,low,,,
38341003,998149b7d6effdbec2c122c9dd9c8aca,low,,,
118600007,ce42bc584da51c720a4ee5b234bfa0b4,low,,,
61627001,db043f8bdf92c095e4539fade7563577,low,,,
45007003,b768ea135da1f16c28fdc34ea1f5e0ae,low,,,
310789003,946f2e1c6a84149e0c4f020619249263,,,low,
95662005,1b46b08cc40d45dca869264822b14a37,low,,,
3218000,c0c6f915a57537504778bed973a97ab1,low,,,
39621005,cdf97ce3715b1b20f23f2bcd7a5e6710,high,,,
74107003,8f5b626412e2e224005a584ba4045472,low,,,
69322001,be86a7120b3e7e0f4ee2c7a69bc3ffec,high,,,
38341003,b553db9b52fc6cbf55a8c6032da81ea8,low,,,
9826008,549ae4d7091ebb7f0abb7cf8372a8f1a,high,,,
61627001,311a67f048af5c3100a4f72fa49bec3e,low,,,
235595009,d38c22e8ebae5efda199750b3f2d5e6b,low,,,
197480006,f4f64ab21557f9853b2045cc25daea88,low,,,
735445000,25e4688817e9613869c87e13b5053626,low,,,
414916001,7be02e77fbfe05077291713d2d73475c,high,,,
6142004,f9ebf1876b18e0d2fbbcc72f29ea35c5,low,,,
363358000,7bb6302db4b1b4ba4d3a8b3d0de7931e,low,,,
24526004,b20ca4864d568e31a6778738eb622c03,low,,,
191480000,3464467cc12987bbf3da9095c45786c6,low,,,
61627001,934b14864bf7d0563bf1e9d0fd1123bc,low,,,Oral
23986001,5d5a0129ac45f8b2946db9558c44efb4,low,,,
194828000,6023848d9b144ddc0bde36b52b7192a1,low,,,
69896004,1b0a8d515fbf22019aa5a2cb0735bac3,low,,,
363358000,74546d3df6899b5767cca8679c21e1e1,low,,,
46206005,49cfe62165221aca588304c2c127cc7c,low,,,
14094001,1dcc174da076b834cc635ff47b615cf2,low,,,
266599000,ddc73971a734efab8dce0a7d0b24f2b2,low,,,
92027006,610ab2253d9409638069bc0f298a8a64,low,,,
61627001,11412561f323c6825159920684e322c9,low,,,
860914002,61d00b2d469e5bc6eff454ae7d691f76,low,,,
69322001,a16c2b020f41cdd3b5add85cc802f723,high,,,
92069005,c05ae78ca13b7b685848c7803ae5ccfd,low,,,
93143009,b9b0a5688350290f61cba887c32d8d21,high,,,
50711007,c79a084f4ac4dcf901b54c39a67b65a5,low,,,
50711007,4ee1f0eb042951e3c861d9a70d89d909,low,,,
271737000,a4c0ef55db122f5f5356f88049175458,low,,,
372130007,17aba281541d2d7af06072d688a3005a,low,,,
363358000,e0aa2bfe700a8fcff3620d6e0a596f13,high,,,
69322001,085db116ac28cf5e45686da5129d43f8,high,,,
88518009,98aa72dbcdf2097da338fdffac567946,low,,,
840580004,d545b236f492e0da93b33fcdc2934007,low,,,
128613002,17d94c39015a6b8f2cb7d6297e9c80d6,high,,,
38341003,94300ebd5ee68304d1fb63f8b2fcbfae,low,,,
128869009,7a580d0b70ca636b8bb447b5d411c5f6,low,,,
254837009,f3134a6a3536425b09efb5105d5b78b8,high,,,
68566005,1204d809e44e58c5ba21da8566708a96,low,,,
73211009,b7639687946f23064e0f942a81369061,high,,,
38341003,6d12f240d468a398a1ff6287f8f568f1,high,,,
45007003,a84e26a7265e7b8c771b198d639d27c8,high,,,IV
61582004,ac388d057c7b49f7f40309f37b94c557,low,,,
70241007,5d08ecbf4e6f9c53118358cfb6d41e3b,low,,,
23986001,9d1066f389269a0a6e4476f38b5d4f98,low,,,Eye
24079001,984ab9ada2b161e669daca3bff8ce513,high,,,
5158005,fb670ea0fd4284fd1eeb623ad11ed4e6,low,,,
386617003,a603697e353b8ce202c02eefe2ea71de,low,,,
38341003,5e81abe9f3d0e8640e6adf2b248030bf,low,,,
73211009,7829b4b361ffed64965739b1e7cc1436,high,,,
15188001,7829b4b361ffed64965739b1e7cc1436,low,,,
61462000,380f732fc86d6f33cc4e0a0394e40bed,high,,,
27034006,bffbc88c0f0910421f53123f75ce3f3e,zero,,,
52448006,4d4f71b2c5604a09eb39032480b43c33,low,,,
32798002,eb43142fd2bede617a8635a67469e7db,low,,,
3218000,03215c31e1d43dd55f9f36c94c149b2d,low,,,
370992007,827306fb2712f43f883b0a3419995bef,low,,,
57019003,caaf142adf4ec257f095af81ad92dd6e,high,,,
370992007,17943e19117eaeecaef92764cac27fdf,low,,,
128060009,41c22c4f77c8e9c92291991fe65e6f8e,low,,,
43339004,578b7c8753e973f7d2aa21a51564e3bf,,,,
109989006,e69d8643954080feea5368c2c899442e,low,,,
67782005,934842aeccf10acd24a29f20f3e10a67,high,,,
68566005,d6e282005986eedda2760f6b609a1e68,low,,,
70241007,6fc965360e50263b4f55864a9e7dc670,low,,,
32798002,261a55b4cd341177b15693bfb98631a1,low,,,
90446007,a3c8c2e6dc78b4181d64e4b9ca1813f4,low,,,
414545008,0b50019879610f5c496f0994be72cd16,low,,,
370992007,5b649238963f70c91a96f982793bb551,low,,,
38341003,326ce001510b84b81a497cac0d490325,low,,,
95662005,ee1b9e575d1fb256c3611a3cc10df97d,low,,,
61462000,d16a0fd28b7ab0bee192c1570ac70d03,low,,,
128060009,8034840a100b7663fa58e1505e0d6df8,zero,,,
698247007,b7114d75362af1f5c3ec56ff7cb927db,high,,,
118600007,bb702b37ac3b28af13ba2c958c419dfa,low,,,
399153001,4300408138148c1c5fbac27aa6fd766e,low,,,
32798002,92904635b7ee52a8ee2b932e18ed2d5d,low,,,
77386006,2e74682d11a4a97daaf2ac7fa101ec41,,,low,
61462000,aa433fa61ad8c04f04990713140cfe7b,high,,,
39898005,a13c4853956b1bbbd6993d8632e7a192,low,,,
698247007,0b9fa357d0178a8f78af09b14b1fb73c,high,,,
13200003,dfbf42e476ecd680a01754794880e923,low,,,
197480006,7408d8524ce56317939a9952dd20d8ac,low,,,
34486009,c898683101d7c0308d0533e762b2ccaa,high,,,
61582004,89b5877a86509df62c1ac5aa66d2a4dd,low,,,
56727007,f18b4540e5745f95cb72e35e481dd8ed,low,,,
91637004,c3b7f4a4f493dc1c02d13c360ad05189,low,,,
61462000,f09b821d3306a9561bd42823915959eb,low,,,
46206005,7fc285c6f20aa791827694df4847bae2,low,,,
38341003,338ac90f9aaed9e4306caf515e032b32,low,,,
698247007,ae25b3162da2c3c3ccb9dc4519a9d9f4,high,,,
61462000,5e472b7b9ba409369c8bed9b45a93425,high,,,
25374005,4e6fab0346f92d046a265c9ba7442644,low,,,
61627001,f5ce31cc56c02c32ae9f27f0f417d2b9,low,,,
128333008,82371da99f2c7515db272b460903bb2a,low,,,
39898005,ddc44f4f11ea283da80bbc4298de099a,high,,,
38341003,6c4676d32f1100476da95a0196146606,low,,,
24526004,8b725ac4cb7cffcb57adf9d9a339c71d,low,,,
363358000,f6aa24cd5c3a39f736060af3b7ba2a23,low,,,
24526004,83da6f920a9b4ce009e2082dff1c38e2,low,,,
61627001,83da6f920a9b4ce009e2082dff1c38e2,low,,,
194828000,8c4cf6e7607c4dcbb7840b2f9bef6307,low,,,
32798002,b0e9ca3c0296dbd9d61e291d9ccda718,high,,,
61627001,906b790fa6811ef5afd66c7be4bbb56d,high,,,
271737000,144a1308329ae11093e10f2ab69fb5d8,low,,,
73211009,1c573356de3014cd3eb2e75e8d5271be,low,,,
73211009,ee6aef82d41445c7c0958abae70ec0df,high,,,
38341003,1a52d27053ee60df57d4d1e52449ee33,low,,,
414545008,49903a85fd2bda85dc0ef9d74a349b65,high,,,
61627001,c1122cdd03334d038001e9f70e6d6439,high,,,
50711007,c2e2a9f124e064303b12730ebaebf8ca,low,,,
254837009,60367fccdda51e7cd5901fda4136dbf5,high,,,
25374005,5834afa77c3a63bbd97a934e3639b061,low,,,
86044005,9a27641c92c3b8f37c07af63ced02da9,high,,,
414916001,e33b01e32bf9fc14f2078befdae5f6aa,high,,,
70995007,5396e82765dc414159069eb470032d75,high,,,
23986001,294ba331316bcffb3a68e20811d993f7,low,,,
64859006,130d0b7b2d6047d098f3149cc55f675c,low,,,
58214004,2182fe965943f2056b7eb2cd9515bce9,high,,,
118600007,3b3c8aa26a6da1d2b823e715d34f84f2,low,,,
52448006,e0ec42c68686885cc176ad73b71e1d80,high,,,
735445000,726e554704c4783a1f25d282bc946f1a,low,,,
302215000,02db894069e2e44299f41faac90aa6f4,high,,,
32798002,6ab23cd6eafba942a034590c114fc3fb,low,,,
73211009,806e86f552076c6afe32007b8debd190,high,,,
370992007,12abb2dbbfadf8947fefdf36033ec161,low,,,
61627001,6b4902b009060b045031d87001de3863,high,,,
3723001,8fd2fbf7736f30444d9472c1c6701fb3,low,,,
52967002,8240bb87bd3e57f7704f611c2e5ed603,low,,,
414545008,4efd7b2a888c822567d3e827331295c3,low,,,
698247007,b7ed972b9b72aa4ba1e8e23570b938a5,low,,,
698247007,fe592d66be69883688715274c430c0bb,low,,,
42343007,e941c21933c01171dfa8607ba4157cd0,high,,,
32798002,302ed1a5b24653abdd31a43d67b91d7a,high,,,
735445000,8c5445e5c24045517817bde083eab903,low,,,
11381005,8aa21e051b8c3acfbd5cd75c75fcd47a,low,,,
735445000,f154bd211d6ba53c8fa7c133cb4791a7,low,,,
386617003,350b6d31d63f4f661d4a78801382c437,high,,,
73211009,283d41e071a6e28e752eed8e78bfe8c4,high,,,
32798002,ae90c19b3f442e8c83e2962bbb7d3f91,low,,,
47382004,beb4385c43726b99e79f6bd14f879acc,low,,,
3218000,536d8aef894a6dd55bb9c6d24d59a2c2,low,,,
58214004,f930ab52c6f5e3f63a416c98a8c46383,high,,,
74732009,d602eb5a6f00ecb908a27b3f1151234d,high,,,
860914002,d674db7613c7ef04137ad9c28d3399bb,,low,,
76844004,3601c43a4c636edfcbffdd72d57ed805,high,,,
125666000,20e49de9e58b27fee6c7a3a5ac192108,low,,,
125666000,ffe6975dfb50a9b91ba8cf8d602ccf5c,low,,,
386617003,abfae1701dfc49819814ef9e3a756097,high,,,
370992007,6c3578f2cd9caac2a99f7a9278744cce,low,,,
73211009,0dd5f884d9dc5fa6d9fea8dd6125a60a,high,,,
91478007,00a0454ec76d8b87a921bac5ccedbe42,low,,,
195967001,527073754f5b06e5ee9870a09aaedcb4,low,,,
271737000,e7c3e3739f488854e1f3563431f920fb,high,,,
80967001,93403cb3d6549ee02c97e634f26124d5,low,,,
118938008,953530ec63a28aa47db2082abcd1e213,low,,,
14760008,fa86cd2da739a810b62ffa299c5a0793,low,,,
186803007,a42b05ed36b824788a65ea61bac00376,high,,,
128613002,c3a083654148250cbcf3b3720c5236e8,low,,,
13200003,d7dacc23461a04db31bb72c8ed9806d6,low,,,
50711007,a5ff882e5de827deae4f6bd8b1cc0f47,high,,,
443492008,e536c9494f84b85c01393d345bd2b64f,low,,,
74728003,441268056c76a8a4d6a274f00b5411ec,high,,,
109841003,a43f6802b7bc837851c3ee6d33acffd1,low,,,
698247007,2932afa144cc4608ec9c5eee9b036b6d,high,,,
43339004,da794638b501f3ece19fadae1cb9935d,low,,,
23986001,aacf171a88c21b62ce8de444eaebeeb3,low,,,
118938008,d7e82273277fdbd45644d35b95434e8d,high,,,
41291007,b0e46869850bde39fc10f1683fd0bd26,low,,,
414545008,d093508daf5c430fc0c72d8f1e271f73,high,,,
64859006,95ecdf0cfc8cb5008cf43c20e9be6b86,high,,,
386617003,22488612cf5e2e997ca0538ca753b197,high,,,
125666000,78ed5bebd7e73383aeea28d97c54dd09,low,,,Topical
61462000,be1f3ebfac02445579c7cef81242dede,low,,,
784332006,6c67c3fc2143b78cdec6429df09ad15e,low,,,
128869009,3f1b30218e639a868a9edb7a8290647b,low,,,
61462000,2b366754fdbfaa6d8c65d8e20abd8779,low,,,
58214004,99bdc599621edb0fd0884ae5e3c8710b,low,,,
9014002,6e98deaba5263f0736c5affe8456aec6,high,,,
24079001,e30e45783083cfa64368782277cdb863,low,,,Topical
860914002,d115286718a651dcd06cf9dfb35e2ceb,,low,,
23986001,0ee55497683c71543a4fe55b9a1e3078,low,,,
254838004,e1968616f2d22841234f8722769c9b88,high,,,
95566004,974944e22748dd8dbbb6c9eb34b30bc4,,low,high,
11381005,1630fe416860cda2ec43cb2220a90252,low,,,
24526004,c6aab50ef1714d51abd1dfe5fd666e83,low,,,
38341003,8d701e4538054dcfc1e7cc34c7f1602b,low,,,
126951006,3303bb5898bc0c0c96b4a3e7898ece7b,high,,,
118600007,a3a4925edda457dbbeb1e170a05dae64,low,,,
414545008,33e14945ea360b0c79ae7b1eb6fcf630,low,,,
73211009,cbba905928cedf83327284031b46cb36,high,,,
38341003,ab5e5526fdd8c66b4007a6ff646aa0e5,,low,high,
3218000,d7955927abefa5ec75b0a7b7b7291869,high,,,
735445000,ea3d363c1902e25fb37ecbe27d9dc878,low,,,
24700007,5c60b262e52a5c74cf3187377ecaedde,high,,,
64859006,8e72e27852c8a54465539921267947b7,high,,,
106048009,a56dc2810263ff5528d36ab4b02e21f5,low,,,
27034006,e8c13f9d2ea3d65114e673a02bbb7580,,low,,
48130008,e8c13f9d2ea3d65114e673a02bbb7580,,low,,
48130008,81ace1edc318c8d6e88e7a79575e47b6,,high,,
48130008,52909bc277ff1648c49bb3a6103f80a1,,high,,
48130008,a1c7f3c06aa7138e1abee11195d978bf,,high,,
58756001,a93c534e9776186d857f8b7613827c93,high,,,
76844004,f6285ba37afe19f7e201908567556d26,low,,,
371405004,0ca064b2980421f3dffe74f2d553069c,high,,,
81004002,beef21509ddc33cff9d4dfa3953f39ff,low,,,
50417007,1f01b813b0a0e5d2b7aa7c5a1c161056,low,,,
6142004,c135f3bf0cadc833fb52986b15d3e1e1,,,,
69322001,84f31892d288b2f4e08ff3cdad0c0d7e,high,,,
363358000,f26848c5b2f5c977d1dab0f1db6d241e,low,,,
40930008,5f428ddef2139fb53341fa7371145c51,high,,,
74732009,02d90416fa4f1435d874353fe0e4b428,high,,,
414545008,7b75b0197bb018d7d6ac6627b9c34172,low,,,
414545008,05d665f6cf867a3332cb47ae04d863b0,low,,,
23986001,9caa41a70bebf489ca030166a95aaaf7,high,,,
386617003,db0dabd1a2791a75264a25a7e344b91d,zero,,,
72934000,6b6e10ab8b8660710b6aa3f1bee6bfce,,,low,
195967001,75dac01c1bea68ff3d99454b95fff282,low,,,
414545008,59fa5b671a33fa2569676a07dfef64a7,high,,,
34000006,fa19b07e438fdcb97c7b15c1397b4c03,low,,,
197480006,6011ae664837d97ecde624c565ec3ec6,low,,,
73211009,7d7b9c5a07b57ac57f2d2577c5c73fa8,high,,,
3218000,93fbadb4202ab8964bd7bc1fdae6e24c,high,,,
363443007,c70f3196826e850a6889cb4c778ecf4a,high,,,
38341003,8a40a0dfa6ee6fd72c12b909a8b54e58,low,,,
92069005,44665610578540453d8421719c13513b,low,,,
44991000119100,ef20de029651bce90375208b4e945cb1,,,low,
254838004,094b29cee867407552635ebcaf13f8c8,low,,,
23986001,e1897b3d45c7b90dc48b5669de351c70,low,,,
11381005,23accbd54053da38e7f20d5ff921e0aa,low,,,
26284000,12aa7d793eb3f0cabd8e1a993a13dc43,low,,,
38341003,d5a31a5bcb3736826d5645d513a1c9ed,low,,,
370992007,7aa17e2359002d073490e9b8c79a6e62,high,,,
192454004,df5d918859c4bb2a5a7c5d166e1b32ac,high,,,
69322001,0d1ae03d3663836d7c00ce814db9d317,low,,,
32798002,7fb538a7519ab6ac2b146b529f00880e,low,,,
386617003,e69d1485f26dd63e224304373607d4ce,high,,,
194828000,83bc022b7dbb261ff5723ba0658e58a0,low,,,
56727007,ca4e26ff970bdc38bd0a83d96db658b7,low,,,
421961002,806604469028bc0b83e097d9ec232d66,low,,,
254900004,6152e937c05b5e4afcea06da246f6ce4,,low,,
128473001,d781d1c5a3bd6ac69b8fb9a8d48b94f5,low,,,
70153002,88e6ad61647be5fe107cfe8844977681,low,,,
735445000,344e6fa74c0ef286490cac6432b0b702,low,,,
860914002,4fc47554310cd8ff4a425f311c40f302,high,,,
91302008,ad1e0f56e53d587cac86070f50b959c3,low,,,
95315005,efadb6171ef46f862b7a3b8129cf07e9,,,low,
27034006,082560238a80ccc89b640aeb76bbc355,,,low,
414545008,6208d4149f2c4cdd47f3d16d49d089ca,low,,,
128241005,1e41ab9da2d21608ce3d171aa39cb430,low,,,
197321007,52de5722d9f2df3e3020af06b91fb8f8,low,,,
88594005,e3486a2322cc369c39c39ebcdc13c090,low,,,
28944009,214efe666ac28ac9ae0ac0fd9b81e09a,high,,,
128613002,c47601ed218b8c353c03d13addb5e1ad,low,,,
38341003,6c48ce0a4119c6834b54001e6a88500f,low,,,
860914002,1b4909cb7d0aaa2ea0f566a61d0a536b,high,,,
309465005,e8aaec2890884816d4868f9d875949f7,,,,
15771004,21c4d7f2788123ff38b404817e3c9d7d,low,,,
50711007,b5a8f958310bceb07c14ae61fdba3bb5,high,,,
197480006,cd584c901b56b619a03002b2f2a1ac01,low,,,
698247007,a27b65d54493baae4d881e2ed35d9ebf,low,,,
73211009,0cf0f03b0e4fcf8a0933d166c0dbe690,high,,,
254837009,00611fe52fe1ca41a6d0fe8661bd2798,,,low,
363358000,f345212191876393f988c89f314b2c09,low,,,
363358000,608b115daad490308cf8aac9d90faaab,,high,low,
52448006,a88ed621b68730d08b2c5f67ce8cd97c,low,,,
72000004,9a5c86ec59e718075a3c1cbd602022a9,low,,,
13644009,43db4d7fdcc41ed76db509f37ae6692f,zero,,,
34713006,da80118d5dad4c3ed0479bc52b9543c0,low,,,
64859006,a08ea43df3ed297a603c2023f091e33c,low,,,
73211009,cd65101517dca4c2abc52fd11b219718,high,,,
3218000,a2d91e093ece9c0d3351fd31285a05ea,high,,,
400047006,e18555c1664d4d8f461715b8d99b2482,low,,,
38341003,0c0da09dfebff8bb1e2c36dea20654b1,low,,,
87715008,337dbaa09ef7979763682058e7e524b7,high,,,
34014006,5f1521d5b4361f2394155461e386cefc,,,,
192454004,8412123813593ac1cb8f3784f9e48ce3,high,,,
95320005,1d4dfbab1c12dac30d83d9f553d37d90,high,,,
156329007,a458e9f6dc3834f55dcad58142825d3b,high,,,
13746004,afbf494dfd736e78194c1320d0e0370a,low,,,
76069003,02806410a685f8c785f92a12d38e6feb,high,,,
192454004,f8095ce4578812ae0b2e0596bc8d1de9,high,,,
192454004,e4342a8a0cac84e3b29f0f27758320d5,high,,,
58214004,2c23a061bab9c9cc1c3f07efd2ffc359,high,,,
197480006,1fd27f50bde326ef23b40f7e0776107e,low,,,
